name,time,RMSE_train,RMSE_test,MAE_train,MAE_test,NMSE_train,NMSE_test,r2_train,r2_test
results/RocketFuel,67,3.339298076706789e-12,3.9573635408098296e-12,2.551132638473064e-12,3.0047431209823116e-12,8.326678888307179e-29,9.426495510938307e-29,1.0,1.0