name,time,RMSE_train,RMSE_test,MAE_train,MAE_test,NMSE_train,NMSE_test,r2_train,r2_test,expr
results/airfoil,286,2.2836502179317324,2.5002130632109707,1.744154528516201,1.7683542987528995,0.10966768597096174,0.13243191238145366,0.8903323140290382,0.8675680876185463,tanh(x0^-3*x1^-1*x2^2*x3^3*x4^-3) + log(x0^-3*x3^3*x4^-3) + tanh(x0^3*x3^-1*x4^3) + tanh(x0^3*x1^-2*x4^3) + sqrt.abs(x0^-3*x2^-3*x3^3*x4^2) + sqrt.abs(x1^2*x2^-1*x3^-3*x4^3) + sqrt(x0^-3*x1^2*x2*x3^3) + sin(x0^-1*x1^2*x2^2*x3*x4) + sqrt(x0^-3*x4^-2) + log(x0^3*x2^3*x3^-1*x4) + tanh(x0^-3*x2^-2*x3^2*x4^-1)
results/airfoil,315,2.4554479162783305,2.7108342185481313,1.9046252537535155,1.9397279882453282,0.1267888210398832,0.15568419618179324,0.8732111789601168,0.8443158038182068,tanh(x0^-3*x1^-3*x2^-3*x3^3*x4^-2) + tanh(x0^3*x1^-1*x2^3*x4^3) + log(x2^-3*x3*x4) + log(x0^2*x2^-3*x3*x4^2) + sqrt(x0^-3*x2^3*x3^3) + sqrt(x0^-3*x1*x2^3*x3^3*x4^-3) + cos(x0^-2*x2^-1*x4^-1) + tanh(x1^3*x3^-3*x4^-1) + sqrt.abs(x4^3) + sqrt.abs(x0^-1*x2^-2*x3) + sqrt.abs(x0^-2*x4^-1)
results/airfoil,349,2.420248036467212,2.6838909719322186,1.84073228309333,1.84452909930977,0.1231797344126897,0.1526048546225883,0.8768202655873103,0.8473951453774117,tanh(x0^-1*x2^2*x4^-2) + tanh(x0^-3*x2^-3*x3^3*x4^-1) + tan(x1*x4^2) + log(x0^3*x2^3*x3*x4^2) + tanh(x0^3*x1^-2*x4^3) + sqrt(x0^-3*x2^-1*x3^3*x4^-1) + sqrt.abs(x0^-3*x2^-3*x3^3) + tanh(x0^-3*x2^-3*x3^2) + sqrt.abs(x0^-2*x3^2*x4^-2) + sqrt(x0^-2*x4^-1) + log(x0^-2*x3^3*x4^-1)
results/airfoil,276,2.3776557103874434,2.5926705302949715,1.8026765547452506,1.7556193523928776,0.11888236785033787,0.1424076347038301,0.8811176321496621,0.8575923652961699,tanh(x0^-2*x2^-1*x3^2*x4^-1) + id(x0^-2*x3^-1*x4^-2) + sqrt(x3^2*x4^2) + log(x0^3*x2^3*x3^-3*x4^2) + sqrt.abs(x0^-1*x3^-3*x4^-2) + tanh(x3*x4^3) + tanh(x0^-3*x1^2*x4^-2) + log(x0^-3*x2^-1*x3*x4^-1) + id(x2^-2*x3^-2*x4) + sqrt(x0^-1*x1*x2^-1) + tanh(x0^-1*x4^-1)