name,time,RMSE_train,RMSE_test,MAE_train,MAE_test,NMSE_train,NMSE_test,r2_train,r2_test,expr
airfoil,13,2.860285793030324,3.045530996200546,2.2059779466453344,2.2668241493573595,0.17204353933718625,0.19650095186067748,0.8279564606628138,0.8034990481393225,id(x0^-3*x1*x2^-3*x3) + sqrt(x0^3*x2^2*x3^-1*x4^3) + tanh(x0^3*x1^-1*x2^3*x3*x4^3) + id(x1*x4^2) + log(x0^2*x2^3*x3^-3) + tanh(x0^-3*x4^-3) + id(x0^3*x1^-3*x2^3*x3^-3*x4^2) + tanh(x0^-3*x2^-3*x3^2) + cos(x0^-3*x2^-3*x3^-1*x4^-3) + sqrt(x0*x4)
results/airfoil,294,2.36668304782448,2.4492321743636527,1.814896499951132,1.7926279899893953,0.11778763733161388,0.12708623755873058,0.8822123626683861,0.8729137624412694,sin(x1^3*x3*x4^3) + log(x0^3*x2^2*x3^-3*x4^3) + tanh(x0^-3*x1^-3*x2^2*x3^-3*x4^-3) + sqrt.abs(x0^-3*x2^-3*x3*x4^-2) + sqrt.abs(x1^3*x4^3) + tanh(x0^3*x1*x2^3*x3^-2*x4) + log(x0^2*x2*x3^-1) + sqrt.abs(x0^-2*x2^-2*x3) + tanh(x0^-3*x2*x3^2*x4^-3) + sqrt.abs(x2*x3^-3*x4^-2) + sqrt(x0^-1*x4^-1)