k,dl,E
1.35,25,421.875
0.05,87.5,191.40625
1.15,42.5,1038.59375
0.6,82.5,2041.875
0.25,40,200
0.95,95,4286.875
1.8,37.5,1265.625
1.5,45,1518.75
0.4,35,245
1.6,85,5780
1.25,57.5,2066.40625
0.75,75,2109.375
0.8,12.5,62.5
1.55,20,310
0.1,55,151.25
0.45,30,202.5
1.9,70,4655
1.85,97.5,8793.28125
0.65,60,1170
0.3,47.5,338.4375
